"collected_time","url","no","title","auther"
"2018-08-28 11:29:04","http://gall.dcinside.com/board/lists/?id=superidea","156761","[멍갤] 안녕하세요 절미 움짤 놓고 갑니당","쌀과자"
"2018-08-28 11:29:04","http://gall.dcinside.com/board/lists/?id=superidea","156760","[오갤] 붉은색 스포 이건가 ㅋㅋㅋ","ㅇㅇ"
"2018-08-28 11:29:04","http://gall.dcinside.com/board/lists/?id=superidea","156759","[멍갤] 아무리 절미가 지금 인기가 많아도 개죽이는 월드클래스임","덜지"
"2018-08-28 11:29:04","http://gall.dcinside.com/board/lists/?id=superidea","156758","[기음] 뚱뚱보 30대 아재의 만두와 노트9와 집밥","6D"
"2018-08-28 11:29:04","http://gall.dcinside.com/board/lists/?id=superidea","156757","[토갤] 탱크모드","백 호"
"2018-08-28 11:29:04","http://gall.dcinside.com/board/lists/?id=superidea","156756","[냥갤] 냥장콘 이거 신청할까ㅋㅋㅋㅋ","곰부대"
"2018-08-28 11:29:04","http://gall.dcinside.com/board/lists/?id=superidea","156755","[기음] 오늘 하루일당 8만원 번 아재의 저녁밥.jpg","오승희"
"2018-08-28 11:29:04","http://gall.dcinside.com/board/lists/?id=superidea","156754","[국갤] 현재 베트남 상황...jpg","ㅇㅇ"
"2018-08-28 11:29:04","http://gall.dcinside.com/board/lists/?id=superidea","156753","[해갤] 황의조 졸업사진.jpg","황대인"
"2018-08-28 11:29:04","http://gall.dcinside.com/board/lists/?id=superidea","156752","[K갤] 외국인이 보는 한국의 거리.jpg","써커펀치"
"2018-08-28 11:29:04","http://gall.dcinside.com/board/lists/?id=superidea","156751","[문갤] 필사. 별은 너에게로. 박노해.","우디제독"
"2018-08-28 11:29:04","http://gall.dcinside.com/board/lists/?id=superidea","156750","[냥갤] 소말리 고양이 고로 냥장콘 신청 팍팍","ㅇㅇ"
"2018-08-28 11:29:04","http://gall.dcinside.com/board/lists/?id=superidea","156749","[히갤] MCU 우주의 고대적 존재들에 대해 알아보자","승기픽스"
"2018-08-28 11:29:04","http://gall.dcinside.com/board/lists/?id=superidea","156748","[이갤] 물한잔 마시고","ATU"
"2018-08-28 11:29:04","http://gall.dcinside.com/board/lists/?id=superidea","156747","[러갤] 180825 정선 하이원 리조트 하나의가을 (1/3)","쯔평성대"
"2018-08-28 11:29:04","http://gall.dcinside.com/board/lists/?id=superidea","156746","[기갤] [깊념] 쯔위 얼빡 레전드 떳다 ㄷㄷㄷㄷㄷ","핸델"
"2018-08-28 11:29:04","http://gall.dcinside.com/board/lists/?id=superidea","156745","[소갤] [영상] 프멀9강 이리스 데이드림 2분38초","아하모마"
"2018-08-28 11:29:04","http://gall.dcinside.com/board/lists/?id=superidea","156744","[기음] 지난 월요일부터 토요일까지 먹었던 음식들 평가 좀","무선혜드셋"
"2018-08-28 11:29:04","http://gall.dcinside.com/board/lists/?id=superidea","156743","[카연] 악마쨩의 연애.manhwa","☆나연☆"
"2018-08-28 11:29:04","http://gall.dcinside.com/board/lists/?id=superidea","156742","[두갤] 2017년 기적의 요코하마","덜지"
"2018-08-28 11:29:04","http://gall.dcinside.com/board/lists/?id=superidea","156741","[기음] 뚱뚱보 30대 아재의 후라이드치킨, 감자볶음과 스크램블에그, 비빔밥 등","Tool"
"2018-08-28 11:29:04","http://gall.dcinside.com/board/lists/?id=superidea","156740","[걸갤] 180826 SoG in Manila ANC 기사사진","압둘래미"
"2018-08-28 11:29:04","http://gall.dcinside.com/board/lists/?id=superidea","156739","[문갤] 오늘의 득펜","ㅇㅇ"
"2018-08-28 11:29:04","http://gall.dcinside.com/board/lists/?id=superidea","156738","[강갤] [배너]코룽이 배너 쪄왔오","승기픽스"
"2018-08-28 11:29:04","http://gall.dcinside.com/board/lists/?id=superidea","156737","[이갤] 으헿헿ㅎ","찐ㄱㅈ"
"2018-08-28 11:29:04","http://gall.dcinside.com/board/lists/?id=superidea","156736","[걸갤] 캬 마닐라콘 핑거팁 사진들 멋지다","호살라"
"2018-08-28 11:29:04","http://gall.dcinside.com/board/lists/?id=superidea","156735","[국갤] 실시간)))베트남현지친구가 보내준사진","이게누구"
"2018-08-28 11:29:04","http://gall.dcinside.com/board/lists/?id=superidea","156734","[프갤] 김두훈 선수에 대한 나의 생각","블로우"
"2018-08-28 11:29:04","http://gall.dcinside.com/board/lists/?id=superidea","156733","[블갤] 180826 마쿠하리멧세 리사 프리뷰 by Lalisarhythm","ㅇㅇ"
"2018-08-28 11:29:04","http://gall.dcinside.com/board/lists/?id=superidea","156732","[마갤] 180818 4seasons s/s 문별 16pic by 열려라!참깨","ㅇㅇ"
"2018-08-28 11:29:04","http://gall.dcinside.com/board/lists/?id=superidea","156731","[문갤] 득펜) 호시쿠즈 득펜 및 퍼플 코스모스 비교사진","러블리데이"
"2018-08-28 11:29:04","http://gall.dcinside.com/board/lists/?id=superidea","156730","[러갤] 서울 모터쇼 때 움짤 쪘는데 볼래???","ㅁㄹ"
"2018-08-28 11:29:04","http://gall.dcinside.com/board/lists/?id=superidea","156729","[동기] 오니기리 로보","짤사발"
"2018-08-28 11:29:04","http://gall.dcinside.com/board/lists/?id=superidea","156728","[미갤] 16화 유진 애신 흑백움짤 몇개","녹차유미야시로"
"2018-08-28 11:29:04","http://gall.dcinside.com/board/lists/?id=superidea","156727","[냥갤] 냥장콘 가능? 가능????","ㅇㅇ"
"2018-08-28 11:29:04","http://gall.dcinside.com/board/lists/?id=superidea","156726","[해갤] 굴절슛 막는 송범근vs이운재 슬로우 말고 원래 속도.gif (데이터주의)","러블리데이"
"2018-08-28 11:29:04","http://gall.dcinside.com/board/lists/?id=superidea","156725","[러갤] 원주 때 움짤 또 쪘는데 볼래????","밤돌빵"
"2018-08-28 11:29:04","http://gall.dcinside.com/board/lists/?id=superidea","156724","[러갤] 180825 평화콘서트 하나의가을 짓뚜 4pic","이리동동"
"2018-08-28 11:29:04","http://gall.dcinside.com/board/lists/?id=superidea","156723","[동기] 월요일을 충실히 보냈다","ㅇㅇ"
"2018-08-28 11:29:04","http://gall.dcinside.com/board/lists/?id=superidea","156722","[국갤] 야붕이들....혹사예정...내일 스케쥴...jpg","ㅇㅇ"
"2018-08-28 11:29:04","http://gall.dcinside.com/board/lists/?id=superidea","156721","[미갤] 뉴욕씬 나만 슬펐나","밤돌빵"
"2018-08-28 11:29:04","http://gall.dcinside.com/board/lists/?id=superidea","156720","[러갤] 180825 평화콘서트 하나의가을 쟤쟤 3pic","제리젤리"
"2018-08-28 11:29:04","http://gall.dcinside.com/board/lists/?id=superidea","156719","[동기] 제리는 주인이 싫긔!!!!!!","具翁"
"2018-08-28 11:29:04","http://gall.dcinside.com/board/lists/?id=superidea","156718","[한갤] 아무리 정전갤이라도 념글에 헨지니 활약 없는 게 말이 되냐??.gif","ㅇㅇ"
"2018-08-28 11:29:04","http://gall.dcinside.com/board/lists/?id=superidea","156717","[내갤] 둘이 붙는 씬만 늘리면 뭐하냐고..투샷 좀 마니",""
"2018-08-28 11:29:04","http://gall.dcinside.com/board/lists/?id=superidea&page=2","156716","[미갤] 동매 눈빛 보고가","동구놈아"
"2018-08-28 11:29:04","http://gall.dcinside.com/board/lists/?id=superidea&page=2","156715","[냥갤] 요새 주말에 낮잠자면 동구와서 이불 걷어간다 (움짤)","쓰레기"
"2018-08-28 11:29:04","http://gall.dcinside.com/board/lists/?id=superidea&page=2","156714","[카연] 누나랑 카페에서 노닥거리는 만화.jpg","옆구리끙끙밤"
"2018-08-28 11:29:04","http://gall.dcinside.com/board/lists/?id=superidea&page=2","156713","[프갤] 현재까지 나온 WWE2K19 로스터들","실친즈케미"
"2018-08-28 11:29:04","http://gall.dcinside.com/board/lists/?id=superidea&page=2","156712","[T갤] 180827 ICN 정연 입국프리뷰모음 9p by","ㅇㅇ"
"2018-08-28 11:29:04","http://gall.dcinside.com/board/lists/?id=superidea&page=2","156711","[미갤] 당혜 신겨주고 나서 서로 바라보는데 그 아린 느낌이 너무 좋음","고칼슘우유"
"2018-08-28 11:29:04","http://gall.dcinside.com/board/lists/?id=superidea&page=2","156710","[문갤] 인간복사기 그림 하이퍼랩스로 영상찍음(체스터베닝턴)","개굴"
"2018-08-28 11:29:04","http://gall.dcinside.com/board/lists/?id=superidea&page=2","156709","[기음] 망원동 어글리 베이커리 다녀왔습니다","곰없는곰탕"
"2018-08-28 11:29:04","http://gall.dcinside.com/board/lists/?id=superidea&page=2","156708","[기음] 두부 정식   우메노 하나","짤사발"
"2018-08-28 11:29:04","http://gall.dcinside.com/board/lists/?id=superidea&page=2","156707","[미갤] (요청짤)16화 애신 치맛자락짤(+추가짤 다수)","부산대구"
"2018-08-28 11:29:04","http://gall.dcinside.com/board/lists/?id=superidea&page=2","156706","[주갤] 꼬미수 in seoul.","써커펀치"
"2018-08-28 11:29:04","http://gall.dcinside.com/board/lists/?id=superidea&page=2","156705","[문갤] 점심필사. 내 마음에 머무는 사람. 용혜원.","ㅇㅇ"
"2018-08-28 11:29:04","http://gall.dcinside.com/board/lists/?id=superidea&page=2","156704","[라갤] 우아한데 재수없고 고급지게 극혐인 구승효 모음.gif","승기픽스"
"2018-08-28 11:29:04","http://gall.dcinside.com/board/lists/?id=superidea&page=2","156703","[이갤] 언제나 열일하는 비줠","여자초등학생"
"2018-08-28 11:29:04","http://gall.dcinside.com/board/lists/?id=superidea&page=2","156702","[토갤] 굿스마일 알베도 리뷰","매그니토"
"2018-08-28 11:29:04","http://gall.dcinside.com/board/lists/?id=superidea&page=2","156701","[히갤] 앤트맨과 와스프 일본 홍보 현장 현황 jpg","모모링의하루"
"2018-08-28 11:29:04","http://gall.dcinside.com/board/lists/?id=superidea&page=2","156700","[T갤] 180827 ICN입국 다현4p by WhiteBean","살9"
"2018-08-28 11:29:04","http://gall.dcinside.com/board/lists/?id=superidea&page=2","156699","[멍갤] 물놀이하고 털을 꼭 말립시다.","ㄹㄹㄹ"
"2018-08-28 11:29:04","http://gall.dcinside.com/board/lists/?id=superidea&page=2","156698","[냥갤] 꽃냥이","펭귀노"
"2018-08-28 11:29:04","http://gall.dcinside.com/board/lists/?id=superidea&page=2","156697","[기음] 상그리아랑 샌드위치 만들어서 피크닉 했어","유자"
"2018-08-28 11:29:04","http://gall.dcinside.com/board/lists/?id=superidea&page=2","156696","[냥갤] 빵이 얼마전 중성화하고 잘 지내고 있어요","ㅇㅇ"
"2018-08-28 11:29:04","http://gall.dcinside.com/board/lists/?id=superidea&page=2","156695","[방갤] 정근이 갤렉션 타이밍 사진 2탄","whitebe."
"2018-08-28 11:29:04","http://gall.dcinside.com/board/lists/?id=superidea&page=2","156694","[카연] 반바지를 허하라","나로부터행복하."
"2018-08-28 11:29:04","http://gall.dcinside.com/board/lists/?id=superidea&page=2","156693","[냥갤] 하라 퇴원했어요~* (+ 넋두리)","국방타마마"
"2018-08-28 11:29:04","http://gall.dcinside.com/board/lists/?id=superidea&page=2","156692","[기음] 내리는 비 안주삼는 주말먹방","때려보니담임"
"2018-08-28 11:29:04","http://gall.dcinside.com/board/lists/?id=superidea&page=2","156691","[기음] 어제저녁 삼겹살이랑 항정살 머것어용","살려줘♡"
"2018-08-28 11:29:04","http://gall.dcinside.com/board/lists/?id=superidea&page=2","156690","[기음] 주말먹방","아냥아부지"
"2018-08-28 11:29:04","http://gall.dcinside.com/board/lists/?id=superidea&page=2","156689","[냥갤] 맥통수","랜스암"
"2018-08-28 11:29:04","http://gall.dcinside.com/board/lists/?id=superidea&page=2","156688","[기음] 자취요리. '파불고기 덮밥'","협"
"2018-08-28 11:29:04","http://gall.dcinside.com/board/lists/?id=superidea&page=2","156687","[동기] 작업반장","ㅇㅇ"
"2018-08-28 11:29:04","http://gall.dcinside.com/board/lists/?id=superidea&page=2","156686","[강갤] 180826 대만콘 머조녜 멈무좀 봐","밤돌빵"
"2018-08-28 11:29:04","http://gall.dcinside.com/board/lists/?id=superidea&page=2","156685","[러갤] 180825 평화콘서트 하나의가을 짝뚜 5pic","사랑은다이아"
"2018-08-28 11:29:04","http://gall.dcinside.com/board/lists/?id=superidea&page=2","156684","[카연] 역사만화 [바람따라 물따라]  유금필 편 ","ㅇㅇ"
"2018-08-28 11:29:04","http://gall.dcinside.com/board/lists/?id=superidea&page=2","156683","[강갤] 180826 포룽이 머만콘 짤후기1","가브릴차냥해"
"2018-08-28 11:29:04","http://gall.dcinside.com/board/lists/?id=superidea&page=2","156682","[여갤] 1주일 간의 터키 이야기 ( 1주차 결산 )","도총관"
"2018-08-28 11:29:04","http://gall.dcinside.com/board/lists/?id=superidea&page=2","156681","[엘갤] 고3 엘갤러들 수능 잘보라고 소원빌고옴","HMC"
"2018-08-28 11:29:04","http://gall.dcinside.com/board/lists/?id=superidea&page=2","156680","[토갤] (스압) 한국전쟁 디오라마 만들어봤어","Denver"
"2018-08-28 11:29:04","http://gall.dcinside.com/board/lists/?id=superidea&page=2","156679","[바갤] 데이터주의/사진50장/스압) 청옥산 솔로 모캠 후기","Erica"
"2018-08-28 11:29:04","http://gall.dcinside.com/board/lists/?id=superidea&page=2","156678","[바갤] 늦은 궁평항 무박 모캠후기","CATSHI"
"2018-08-28 11:29:04","http://gall.dcinside.com/board/lists/?id=superidea&page=2","156677","[바갤] 어제 밤 티라이트 바갤벙 사진","12수능대박"
"2018-08-28 11:29:04","http://gall.dcinside.com/board/lists/?id=superidea&page=2","156676","[기음] LG G7 으로 찍은 음식사진들","박창"
"2018-08-28 11:29:04","http://gall.dcinside.com/board/lists/?id=superidea&page=2","156675","[카연] 솜사탕","뛟"
"2018-08-28 11:29:04","http://gall.dcinside.com/board/lists/?id=superidea&page=2","156674","[프갤] [데이터] 아프지 않을 것 같은 기술 'STF'에 대한 사실","ㅇㅇ"
"2018-08-28 11:29:04","http://gall.dcinside.com/board/lists/?id=superidea&page=2","156673","[마갤] 180818 4seasons s/s 솔라 12pic by 열려라!참깨","황대인"
"2018-08-28 11:29:04","http://gall.dcinside.com/board/lists/?id=superidea&page=2","156672","[K갤] 오늘 경기 멀티히트 안치홍.gif (데이터 20mb)",""
"2018-08-28 11:29:05","http://gall.dcinside.com/board/lists/?id=superidea&page=3","156671","[오갤] 짹펌) 오늘자 오마이걸 나고야 이벤트 사진 긁어모아봤다","캔디젤리러브♪"
"2018-08-28 11:29:05","http://gall.dcinside.com/board/lists/?id=superidea&page=3","156670","[러갤] 180825 수정이와 아이컨택","앗힝"
"2018-08-28 11:29:05","http://gall.dcinside.com/board/lists/?id=superidea&page=3","156669","[내갤] E09.속 괜찮냐?.jpgif","흕훛"
"2018-08-28 11:29:05","http://gall.dcinside.com/board/lists/?id=superidea&page=3","156668","[토갤] 부두인형 절반했다.","ㅇㅇ"
"2018-08-28 11:29:05","http://gall.dcinside.com/board/lists/?id=superidea&page=3","156667","[내갤] 돈까스씬.gif","찐ㄱㅈ"
"2018-08-28 11:29:05","http://gall.dcinside.com/board/lists/?id=superidea&page=3","156666","[걸갤] 180826 마닐라콘 kia theatre 페북&인스타 사진들","슈퍼해피"
"2018-08-28 11:29:05","http://gall.dcinside.com/board/lists/?id=superidea&page=3","156665","[기음] 차돌박이랑 삼겹살","쯔평성대"
"2018-08-28 11:29:05","http://gall.dcinside.com/board/lists/?id=superidea&page=3","156664","[기갤] [깊념] 틋스타 업뎃 ㅋㅋㅋ","百式"
"2018-08-28 11:29:05","http://gall.dcinside.com/board/lists/?id=superidea&page=3","156663","[토갤] 물놀이 전용 앗가이 만들어왔어여.","ㅇㅇ"
"2018-08-28 11:29:05","http://gall.dcinside.com/board/lists/?id=superidea&page=3","156662","[미갤] 끝까지 애신이 편","눈물뼈"
"2018-08-28 11:29:05","http://gall.dcinside.com/board/lists/?id=superidea&page=3","156661","[기음] 순두부랑 파전","박농심빌런"
"2018-08-28 11:29:05","http://gall.dcinside.com/board/lists/?id=superidea&page=3","156660","[냥갤] 망한 인식표ㅋㅋㅋ","ㅁ"
"2018-08-28 11:29:05","http://gall.dcinside.com/board/lists/?id=superidea&page=3","156658","[기음] 일본 오사카 3박4일 여행기 1일차 2편","ㅇㅇ"
"2018-08-28 11:29:05","http://gall.dcinside.com/board/lists/?id=superidea&page=3","156657","[해갤] 파넨카 킥의 탄생 배경 .gif","ㅇㅇ"
"2018-08-28 11:29:05","http://gall.dcinside.com/board/lists/?id=superidea&page=3","156656","[카연] (브금) 한심한 백수들 10화 . manhwa","꽁치냥"
"2018-08-28 11:29:05","http://gall.dcinside.com/board/lists/?id=superidea&page=3","156655","[냥갤] 삐진덕","ㅋㅋ"
"2018-08-28 11:29:05","http://gall.dcinside.com/board/lists/?id=superidea&page=3","156654","[멍갤] 보고가 강아지","EXTRAOR."
"2018-08-28 11:29:05","http://gall.dcinside.com/board/lists/?id=superidea&page=3","156653","[방갤] 나노리븎 기사 사진","ㅇㅇ"
"2018-08-28 11:29:05","http://gall.dcinside.com/board/lists/?id=superidea&page=3","156652","[프갤] 신일본 나카무라 초반공방.gif","체르마트"
"2018-08-28 11:29:05","http://gall.dcinside.com/board/lists/?id=superidea&page=3","156651","[멍갤] 우주","개나리꽃"
"2018-08-28 11:29:05","http://gall.dcinside.com/board/lists/?id=superidea&page=3","156650","[토갤] SICAF 2018 어른이展 후기","패대기충"
"2018-08-28 11:29:05","http://gall.dcinside.com/board/lists/?id=superidea&page=3","156649","[낚갤] 시즌 3호 패대기와 꺽지 .jpg. gif","러블리데이"
"2018-08-28 11:29:05","http://gall.dcinside.com/board/lists/?id=superidea&page=3","156648","[러갤] 원주 때 움짤들도 볼래???","관수사랑해"
"2018-08-28 11:29:05","http://gall.dcinside.com/board/lists/?id=superidea&page=3","156647","[미갤] 난 이런 모습만 보고싶단 말이지","뚜"
"2018-08-28 11:29:05","http://gall.dcinside.com/board/lists/?id=superidea&page=3","156646","[동기] 원래 쥐새끼들 이렇게잠?","서향"
"2018-08-28 11:29:05","http://gall.dcinside.com/board/lists/?id=superidea&page=3","156645","[오갤] 180826 미미 프리뷰 5p by 소품집","TWICE♥O."
"2018-08-28 11:29:05","http://gall.dcinside.com/board/lists/?id=superidea&page=3","156644","[T갤] 180818 트와이스랜드 방콕콘 나정미둡챙 6p by.시간은금","ㅇㅇ"
"2018-08-28 11:29:05","http://gall.dcinside.com/board/lists/?id=superidea&page=3","156643","[러갤] 180825 정선 '하나의 가을' 명은 직찍.8pic","ㅇㅇ"
"2018-08-28 11:29:05","http://gall.dcinside.com/board/lists/?id=superidea&page=3","156642","[프갤] 지금의 브론 스트로맨을 만든 장면.gif","서향"
"2018-08-28 11:29:05","http://gall.dcinside.com/board/lists/?id=superidea&page=3","156641","[오갤] 180826 유아 프리뷰 4p by Vitality of Life","서향"
"2018-08-28 11:29:05","http://gall.dcinside.com/board/lists/?id=superidea&page=3","156640","[오갤] 180826 아린 프리뷰 8p by NOUNOUS PASTEL","ㅇㅇ"
"2018-08-28 11:29:05","http://gall.dcinside.com/board/lists/?id=superidea&page=3","156639","[미갤] 고사홍 어르신 속 뒤집는 애신이","ㅇㅇ"
"2018-08-28 11:29:05","http://gall.dcinside.com/board/lists/?id=superidea&page=3","156638","[러갤] 180825 정선 '하나의 가을' 지수 직찍.7pic","ㅇㅇ"
"2018-08-28 11:29:05","http://gall.dcinside.com/board/lists/?id=superidea&page=3","156637","[방갤] 이거 념 올리자","Tool"
"2018-08-28 11:29:05","http://gall.dcinside.com/board/lists/?id=superidea&page=3","156636","[걸갤] 180826 마닐라 콘 hellokpop 공트짤","둡샤샤"
"2018-08-28 11:29:05","http://gall.dcinside.com/board/lists/?id=superidea&page=3","156635","[T갤] 180717 열린음악회 사나 By.Bella.L","앗힝"
"2018-08-28 11:29:05","http://gall.dcinside.com/board/lists/?id=superidea&page=3","156634","[내갤] E09,'딴 남자한테 업히지 말라고.jpgif","☆나연☆"
"2018-08-28 11:29:05","http://gall.dcinside.com/board/lists/?id=superidea&page=3","156633","[두갤] 암흑기팀의 상징, 요코하마 DeNA 베이스타즈","ㅇㅇ"
"2018-08-28 11:29:05","http://gall.dcinside.com/board/lists/?id=superidea&page=3","156632","[러갤] 180825 정선 '하나의가을' 케이, 지애 직찍. 8pic","ㅇㅇ"
"2018-08-28 11:29:05","http://gall.dcinside.com/board/lists/?id=superidea&page=3","156631","[T갤] ViVi10월호 번역 펌","망망이"
"2018-08-28 11:29:05","http://gall.dcinside.com/board/lists/?id=superidea&page=3","156630","[멍갤] 우리집 망망이","초급유랑자"
"2018-08-28 11:29:05","http://gall.dcinside.com/board/lists/?id=superidea&page=3","156629","[카연] 계속 무시해서 화가 나버린 만화","꽁치냥"
"2018-08-28 11:29:05","http://gall.dcinside.com/board/lists/?id=superidea&page=3","156628","[냥갤] 아가쟝 노는디","1716"
"2018-08-28 11:29:05","http://gall.dcinside.com/board/lists/?id=superidea&page=3","156627","[동기] 뒆햄) 갑자기 분위기 싸해짐","ㅇㅇ"
"2018-08-28 11:29:05","http://gall.dcinside.com/board/lists/?id=superidea&page=3","156626","[강갤] 180825 포룽이 머만콘 짤후기",""
"2018-08-28 11:29:05","http://gall.dcinside.com/board/lists/?id=superidea&page=4","156625","[미갤] 동매의 내 사람과 아닌 사람","ㅇㅇㅇ"
"2018-08-28 11:29:05","http://gall.dcinside.com/board/lists/?id=superidea&page=4","156624","[프갤] AJ 스타일스가 최근 WWE 챔피언 집권기간 내 받았던 평점들","바리"
"2018-08-28 11:29:05","http://gall.dcinside.com/board/lists/?id=superidea&page=4","156623","[러갤] 180825 정선 평화콘서트 하나의가을, 전에 올린거 낙관박음 ㅋㅋㅋ","ㅇㅇ"
"2018-08-28 11:29:05","http://gall.dcinside.com/board/lists/?id=superidea&page=4","156622","[동기] 끼여있는걸 좋아하는 햄스터","ㅇㅇ"
"2018-08-28 11:29:05","http://gall.dcinside.com/board/lists/?id=superidea&page=4","156621","[미갤] 희성엄마가 와서 빌 때 유진이 마음이 너무 복잡해보였음 약긴글","팩트만남는다"
"2018-08-28 11:29:05","http://gall.dcinside.com/board/lists/?id=superidea&page=4","156620","[해갤] 팩트) 메호대전 간단 정리.jpg","ㅇㅇ"
"2018-08-28 11:29:05","http://gall.dcinside.com/board/lists/?id=superidea&page=4","156619","[미갤] 바등쪼 그래서 내가 내지 뭐... ㅇㅇ 최가 호구진","메카봄공"
"2018-08-28 11:29:05","http://gall.dcinside.com/board/lists/?id=superidea&page=4","156618","[기음] 낚갤러... 동출...저녁식사...","ㅇㅇ"
"2018-08-28 11:29:05","http://gall.dcinside.com/board/lists/?id=superidea&page=4","156617","[강갤] 머만독무영상 이거봤오?","요린이✌"
"2018-08-28 11:29:05","http://gall.dcinside.com/board/lists/?id=superidea&page=4","156616","[기음] 요린이 해물부추전 도전해봤다.jpg","ㅇㅇ"
"2018-08-28 11:29:05","http://gall.dcinside.com/board/lists/?id=superidea&page=4","156615","[멍갤] 우리 똥강아지 볼래?","일이삼4나"
"2018-08-28 11:29:05","http://gall.dcinside.com/board/lists/?id=superidea&page=4","156614","[T갤] [팬아트]아육대","베리주인"
"2018-08-28 11:29:05","http://gall.dcinside.com/board/lists/?id=superidea&page=4","156613","[냥갤] 베리 사진 ...!","ㅇㅇ"
"2018-08-28 11:29:05","http://gall.dcinside.com/board/lists/?id=superidea&page=4","156612","[해갤] 해념) 메시 전반전 주요 볼터치+활약상(vs 바야돌리드).gif","ㅇㅇ"
"2018-08-28 11:29:05","http://gall.dcinside.com/board/lists/?id=superidea&page=4","156611","[강갤] 오늘체력왕 갤주모아봄+new추가","ㅇㅇ"
"2018-08-28 11:29:05","http://gall.dcinside.com/board/lists/?id=superidea&page=4","156610","[미갤] 동매가 고사홍대감의 이름을 들었으니","쿠이"
"2018-08-28 11:29:05","http://gall.dcinside.com/board/lists/?id=superidea&page=4","156609","[멍갤] 개말고 딴거","ㅇㅇ"
"2018-08-28 11:29:05","http://gall.dcinside.com/board/lists/?id=superidea&page=4","156608","[프갤] 흑역사가 된 슈팅 스타 프레스 모음.gif","ㅇㅇ"
"2018-08-28 11:29:05","http://gall.dcinside.com/board/lists/?id=superidea&page=4","156607","[해갤] 맨유 데헤아 조현우한테 영상편지보냄 ㅋㅋㅋ","우디제독"
"2018-08-28 11:29:05","http://gall.dcinside.com/board/lists/?id=superidea&page=4","156606","[냥갤] ◆◇◆◇◆◇고로☆최신☆사진☆다운로드◆◇◆◇◆◇","뽀뽀충"
"2018-08-28 11:29:05","http://gall.dcinside.com/board/lists/?id=superidea&page=4","156605","[냥갤] 오느릐 일기 (노잼, 저퀄 합성이 있습니다)","ㅇㅇ"
"2018-08-28 11:29:05","http://gall.dcinside.com/board/lists/?id=superidea&page=4","156604","[미갤] 애신 희성 스틸","현이와영"
"2018-08-28 11:29:05","http://gall.dcinside.com/board/lists/?id=superidea&page=4","156602","[블갤] 아침에 젠츄리챙 프로필 만든거","앙꼬어묵"
"2018-08-28 11:29:05","http://gall.dcinside.com/board/lists/?id=superidea&page=4","156601","[냥갤] 에휴 일요일이라고 아주 이시간까지 잘하는짓들이다","O0ㅇ"
"2018-08-28 11:29:05","http://gall.dcinside.com/board/lists/?id=superidea&page=4","156600","[동기] 가구를 다 쓰러트리는 포악한 햄스터","ㅇㅇ"
"2018-08-28 11:29:05","http://gall.dcinside.com/board/lists/?id=superidea&page=4","156599","[미갤] 바등쪼 그래서 구동매 일본 유학까지 시키면서까지 하고 싶은게 뭐요?","205라이브"
"2018-08-28 11:29:05","http://gall.dcinside.com/board/lists/?id=superidea&page=4","156598","[프갤] 오늘자 신문물을 전파하는 카이리gif","%20ㅇㅇ"
"2018-08-28 11:29:05","http://gall.dcinside.com/board/lists/?id=superidea&page=4","156597","[미갤] 동매 ㅅㅅㅅ 포스팅 짤 펌","원스생활"
"2018-08-28 11:29:05","http://gall.dcinside.com/board/lists/?id=superidea&page=4","156596","[T갤] 8월 넷째 주, 효갤 트위타 늬우스","권조사"
"2018-08-28 11:29:05","http://gall.dcinside.com/board/lists/?id=superidea&page=4","156595","[낚갤] 삽교천 갓다옴..","러블리데이"
"2018-08-28 11:29:05","http://gall.dcinside.com/board/lists/?id=superidea&page=4","156594","[러갤] 180816 전주 러블리즈 그날의 너 움짤 17장","ㅇㅇ"
"2018-08-28 11:29:05","http://gall.dcinside.com/board/lists/?id=superidea&page=4","156593","[러갤] 180825 정선 하이원 리조트 평화콘서트 하나의가을 11장","ㅇㅇ"
"2018-08-28 11:29:05","http://gall.dcinside.com/board/lists/?id=superidea&page=4","156592","[마갤] 180818 4seasons s/s 휘인 13pic by 열려라!참깨","레이지만"
"2018-08-28 11:29:05","http://gall.dcinside.com/board/lists/?id=superidea&page=4","156591","[과빵] 홍대 장쌤 왔다 이거야","dd"
"2018-08-28 11:29:05","http://gall.dcinside.com/board/lists/?id=superidea&page=4","156590","[해갤] 신의 손 모음.gif","슈퍼스타☆김케."
"2018-08-28 11:29:05","http://gall.dcinside.com/board/lists/?id=superidea&page=4","156589","[러갤] 귀여운 깐켕 프리뷰나 봐라","rubyJ"
"2018-08-28 11:29:05","http://gall.dcinside.com/board/lists/?id=superidea&page=4","156588","[블갤] 180825 놀토 로제 움짤 12p+ by Out OF The Blue","꽁치냥"
"2018-08-28 11:29:05","http://gall.dcinside.com/board/lists/?id=superidea&page=4","156587","[냥갤] 노린다 상자 그것은 작은","덕통사고남"
"2018-08-28 11:29:05","http://gall.dcinside.com/board/lists/?id=superidea&page=4","156586","[라갤] 댕댕이같은 선우 데려가셈","헬로팬도리"
"2018-08-28 11:29:05","http://gall.dcinside.com/board/lists/?id=superidea&page=4","156585","[카연] 태보 다이어트 하는 만화 4,5,6 일차.manhwa","일원"
"2018-08-28 11:29:05","http://gall.dcinside.com/board/lists/?id=superidea&page=4","156584","[문갤] 금손이 너무 많다","개굴"
"2018-08-28 11:29:05","http://gall.dcinside.com/board/lists/?id=superidea&page=4","156583","[기음] 선릉역 반룡산 함흥음식집을 다녀왔어요","퀸메뎁"
"2018-08-28 11:29:05","http://gall.dcinside.com/board/lists/?id=superidea&page=4","156582","[시갤] 시갤 유일크로노..CHOPARD..밀레밀리아를 소개합니다..JPG","ㅇㅇ"
"2018-08-28 11:29:05","http://gall.dcinside.com/board/lists/?id=superidea&page=4","156581","[내갤] 우는거 진짜... 10회까지 본 경석이 중 제일 감탄했다","ㅇㅇ"
"2018-08-28 11:29:05","http://gall.dcinside.com/board/lists/?id=superidea&page=4","156580","[연뮤] 햇델의 치명치명이란",""
"2018-08-28 11:29:06","http://gall.dcinside.com/board/lists/?id=superidea&page=5","156579","[기음] 오늘 마당에서 고기먹은거 핑까점 ... jpg","메카봄공"
"2018-08-28 11:29:06","http://gall.dcinside.com/board/lists/?id=superidea&page=5","156578","[낚갤] 잡어단 동출... 저녁식사...","ㅉㄹㅉㄹ"
"2018-08-28 11:29:06","http://gall.dcinside.com/board/lists/?id=superidea&page=5","156577","[T갤] 180825 자카르타 판콘 12p","카미오상"
"2018-08-28 11:29:06","http://gall.dcinside.com/board/lists/?id=superidea&page=5","156576","[토갤] 짭성피) 사쿠라 히나 복원기","참깨들깨 "
"2018-08-28 11:29:06","http://gall.dcinside.com/board/lists/?id=superidea&page=5","156575","[물갤] 오늘자 천안 아쿠아가든.jpg","피케이에스"
"2018-08-28 11:29:06","http://gall.dcinside.com/board/lists/?id=superidea&page=5","156574","[프갤] '그 자버' 뤄 쉐이크업 당시 상황.gif","야옹"
"2018-08-28 11:29:06","http://gall.dcinside.com/board/lists/?id=superidea&page=5","156573","[컴갤] 편돌이가 겪어본 진상 손님들.txt","짤사발"
"2018-08-28 11:29:06","http://gall.dcinside.com/board/lists/?id=superidea&page=5","156572","[미갤] 15화 약방 격정허그씬(나노짤/데이터주의)","먼지"
"2018-08-28 11:29:06","http://gall.dcinside.com/board/lists/?id=superidea&page=5","156571","[동기] 쥐공주","참치는등푸르다"
"2018-08-28 11:29:06","http://gall.dcinside.com/board/lists/?id=superidea&page=5","156570","[토갤] 자쿠대회 나눔인증합니닿","ㅇㅇ"
"2018-08-28 11:29:06","http://gall.dcinside.com/board/lists/?id=superidea&page=5","156569","[프갤] (스압) 올해 NXT 4성 이상 경기 목록","2월1일의기적"
"2018-08-28 11:29:06","http://gall.dcinside.com/board/lists/?id=superidea&page=5","156568","[T갤] 효프로티테 보고가ㅋㅋㅋ","ㅇㅇ"
"2018-08-28 11:29:06","http://gall.dcinside.com/board/lists/?id=superidea&page=5","156567","[라갤] 짠내폭발이지만 표정부자 선우 보고가렴","ㅇㅇ"
"2018-08-28 11:29:06","http://gall.dcinside.com/board/lists/?id=superidea&page=5","156566","[히갤] 흑백 스파이디 피규어 칠해보았음","ryoxius"
"2018-08-28 11:29:06","http://gall.dcinside.com/board/lists/?id=superidea&page=5","156565","[카연] [짐승친구들] 37화   흉가 탐험하러 갔다가 귀신 만난 썰 (下)","갠차나"
"2018-08-28 11:29:06","http://gall.dcinside.com/board/lists/?id=superidea&page=5","156564","[미갤] 오늘자 잘생긴 김희성 도련님 보고가시오","ㅇㅇ"
"2018-08-28 11:29:06","http://gall.dcinside.com/board/lists/?id=superidea&page=5","156562","[라갤] 안쓰러운 내 동생 선우와 강신지 환신지 방방 씹새 선우","눈눈눈내려눈눈"
"2018-08-28 11:29:06","http://gall.dcinside.com/board/lists/?id=superidea&page=5","156561","[히갤] 내가 그림으로 니들 무발기사정 시켜본다","그런거없다"
"2018-08-28 11:29:06","http://gall.dcinside.com/board/lists/?id=superidea&page=5","156560","[카연] 여탕요정","ㅇㅇ"
"2018-08-28 11:29:06","http://gall.dcinside.com/board/lists/?id=superidea&page=5","156559","[연뮤] 살리 낭독 후기(스포,개취,불호주의)","부 야"
"2018-08-28 11:29:06","http://gall.dcinside.com/board/lists/?id=superidea&page=5","156558","[주갤] 퇴사를 또다시 결정함","ㅇㅇ"
"2018-08-28 11:29:06","http://gall.dcinside.com/board/lists/?id=superidea&page=5","156557","[기갤] [개념요청] 약국 언플중 甲 = 아이튠즈 '앨범' 차트 '진입딸' 언플","ㅇㅇ"
"2018-08-28 11:29:06","http://gall.dcinside.com/board/lists/?id=superidea&page=5","156556","[미갤] 제가 읽어 드릴까요 나으리?","메인이벤트"
"2018-08-28 11:29:06","http://gall.dcinside.com/board/lists/?id=superidea&page=5","156555","[프갤] [데이터낭비]메인이벤 노웨이호세 vs 마이크 카넬리스 gif","ㅇㅇ"
"2018-08-28 11:29:06","http://gall.dcinside.com/board/lists/?id=superidea&page=5","156554","[라갤] 짤 찾아가라 : 저녁이","ㅇㅇ"
"2018-08-28 11:29:06","http://gall.dcinside.com/board/lists/?id=superidea&page=5","156553","[라갤] 짤 찾아가라 : 갤주","ㅇㅇ"
"2018-08-28 11:29:06","http://gall.dcinside.com/board/lists/?id=superidea&page=5","156552","[카연] (브금)한심한 백수들 8화.manhwa","삼촌버디"
"2018-08-28 11:29:06","http://gall.dcinside.com/board/lists/?id=superidea&page=5","156551","[걸갤] 유슬봉 튜닝에 관심있는 갤러들....!!!!! (데이터 주의)","헬로팬도리"
"2018-08-28 11:29:06","http://gall.dcinside.com/board/lists/?id=superidea&page=5","156550","[카연] (롤) 말파이트에 대해 알아본다.manhwa","ㅇㅇ"
"2018-08-28 11:29:06","http://gall.dcinside.com/board/lists/?id=superidea&page=5","156549","[해갤] 유튜브에서 박지성이 어떻게 미화되어가는지 알아보자 jpg","asdf"
"2018-08-28 11:29:06","http://gall.dcinside.com/board/lists/?id=superidea&page=5","156548","[프갤] 시바타 카츠요리의 mma 커리어","ㅇㅇ"
"2018-08-28 11:29:06","http://gall.dcinside.com/board/lists/?id=superidea&page=5","156547","[해갤] 걍 버기빠, 우솝맘 간단하게 정리함","서근물"
"2018-08-28 11:29:06","http://gall.dcinside.com/board/lists/?id=superidea&page=5","156546","[소갤] 공백 전 플레이어블이 다녔던 학교들을 알아보자","압구리"
"2018-08-28 11:29:06","http://gall.dcinside.com/board/lists/?id=superidea&page=5","156545","[이갤] 댓글로 쓰기엔 길어져서","dfdf"
"2018-08-28 11:29:06","http://gall.dcinside.com/board/lists/?id=superidea&page=5","156544","[문갤] 제트스트림 백자루","성륜"
"2018-08-28 11:29:06","http://gall.dcinside.com/board/lists/?id=superidea&page=5","156543","[냥갤] 3호기 어제밤에 아슬아슬했지만 괜찮아졌다","셰퍼드"
"2018-08-28 11:29:06","http://gall.dcinside.com/board/lists/?id=superidea&page=5","156542","[멍갤] 댕댕쟝 사진 여러개,,","나는까메오"
"2018-08-28 11:29:06","http://gall.dcinside.com/board/lists/?id=superidea&page=5","156541","[러갤] 옝잇뷰티 움짤 5장.. 이긴한데","ㅇㅇ"
"2018-08-28 11:29:06","http://gall.dcinside.com/board/lists/?id=superidea&page=5","156539","[연뮤] 프랑켄) 4앙4괴 노선,특성정리","차차☺"
"2018-08-28 11:29:06","http://gall.dcinside.com/board/lists/?id=superidea&page=5","156538","[기음] 스트레스 받아서 방금 혼자 엽떡 한통 다먹었ㄷㅏ","ㅇㅇ"
"2018-08-28 11:29:06","http://gall.dcinside.com/board/lists/?id=superidea&page=5","156537","[블갤] 블핑 어제 일콘 일본 6대 신문 전부 실림","빈볼왕서승화"
"2018-08-28 11:29:06","http://gall.dcinside.com/board/lists/?id=superidea&page=5","156536","[냥갤] 럭키 관찰기","우월함"
"2018-08-28 11:29:06","http://gall.dcinside.com/board/lists/?id=superidea&page=5","156535","[컴갤] ""최초공개"" '맞춤형견적' 사운드 그의 견적을 알아보자","앙꼬어묵"
"2018-08-28 11:29:06","http://gall.dcinside.com/board/lists/?id=superidea&page=5","156534","[기음] 집에서먹은걸모아옴","트와이스뮤비"
"2018-08-28 11:29:06","http://gall.dcinside.com/board/lists/?id=superidea&page=5","156533","[T갤] 8월 25일 8시 유튜브 조회수",""
"2018-08-28 11:29:06","http://gall.dcinside.com/board/lists/?id=superidea&page=6","156532","[냥갤] 올만에 목욕","ㄱㅇㅇ"
"2018-08-28 11:29:06","http://gall.dcinside.com/board/lists/?id=superidea&page=6","156531","[미갤] (최애)이런 사랑을 하는 것만으로도 이미 충분한 인생","ㅇㅇ"
"2018-08-28 11:29:06","http://gall.dcinside.com/board/lists/?id=superidea&page=6","156530","[과빵] 바닐라 케이크 만들었어요!","ㅇㅇ"
"2018-08-28 11:29:06","http://gall.dcinside.com/board/lists/?id=superidea&page=6","156529","[카연] 박씨유대기 팬만화","냄비고기"
"2018-08-28 11:29:06","http://gall.dcinside.com/board/lists/?id=superidea&page=6","156528","[카연] 독사파","앙꼬어묵"
"2018-08-28 11:29:06","http://gall.dcinside.com/board/lists/?id=superidea&page=6","156527","[기음] 사먹은걸 모아옴","제리젤리"
"2018-08-28 11:29:06","http://gall.dcinside.com/board/lists/?id=superidea&page=6","156526","[동기] 솔직히 우리제리 너무 착한것같아","ㅇㅇㅇ"
"2018-08-28 11:29:06","http://gall.dcinside.com/board/lists/?id=superidea&page=6","156525","[프갤] 빈스 맥맨의 생일축하 트윗을 올린 사람들","이드기여"
"2018-08-28 11:29:06","http://gall.dcinside.com/board/lists/?id=superidea&page=6","156524","[낚갤] [홍번후기] 6~8월 섬사랑 에깅단 출조후기.","자자스"
"2018-08-28 11:29:06","http://gall.dcinside.com/board/lists/?id=superidea&page=6","156523","[카연] 병신같은 만화","ㅇㅇ"
"2018-08-28 11:29:06","http://gall.dcinside.com/board/lists/?id=superidea&page=6","156522","[두갤] 다시보는 2015년 프리미어 12 혐.gif","뽀뽀충"
"2018-08-28 11:29:06","http://gall.dcinside.com/board/lists/?id=superidea&page=6","156521","[냥갤] 이것은 이 집의 왕이 되기 위해 태어난 고먐미다","ㅇㅇ"
"2018-08-28 11:29:06","http://gall.dcinside.com/board/lists/?id=superidea&page=6","156520","[해갤] 손흥민 커리어 위엄...jpg","ㅇㅇ"
"2018-08-28 11:29:06","http://gall.dcinside.com/board/lists/?id=superidea&page=6","156519","[러갤] 옝니뷰티 빠진것만 움짤쪄봄","솜솜잉"
"2018-08-28 11:29:06","http://gall.dcinside.com/board/lists/?id=superidea&page=6","156518","[냥갤] 혀수납을 잊은 고양이.jpg","커트앵글"
"2018-08-28 11:29:06","http://gall.dcinside.com/board/lists/?id=superidea&page=6","156517","[프갤] 덥공홈 새프사들.jpg","수증기아가씨"
"2018-08-28 11:29:06","http://gall.dcinside.com/board/lists/?id=superidea&page=6","156516","[기음] 어제 오랜디시친구와 강남에서 술먹음","엔젤리코더"
"2018-08-28 11:29:06","http://gall.dcinside.com/board/lists/?id=superidea&page=6","156515","[기음] 식샤 ~ 강변 장라희식당","초급유랑자"
"2018-08-28 11:29:06","http://gall.dcinside.com/board/lists/?id=superidea&page=6","156514","[카연] 이리치이고 저리치이는 만화","ㅇㅇ"
"2018-08-28 11:29:06","http://gall.dcinside.com/board/lists/?id=superidea&page=6","156513","[동기] 뚱땡","ㅇㅇ"
"2018-08-28 11:29:06","http://gall.dcinside.com/board/lists/?id=superidea&page=6","156512","[멍갤] 질투심이 강한 우리 루키 (feat 힌둥이)","혼종"
"2018-08-28 11:29:06","http://gall.dcinside.com/board/lists/?id=superidea&page=6","156511","[동기] 햄찌 하나 데려올건데 물품 체크점","ㅇㅇ"
"2018-08-28 11:29:06","http://gall.dcinside.com/board/lists/?id=superidea&page=6","156510","[기갤] 또 나왔다!! 똠퀴식 선동!! '모든지표' ㅋㅋㅋㅋㅋㅋㅋㅋㅋ","leo"
"2018-08-28 11:29:06","http://gall.dcinside.com/board/lists/?id=superidea&page=6","156509","[블갤] 움짤) 다이아버튼 감사","매력퉁이"
"2018-08-28 11:29:06","http://gall.dcinside.com/board/lists/?id=superidea&page=6","156508","[K갤] 기아의미래들 실컷 보고온 퓨쳐스썸머리그 직관짤 10개 (18.08.24)","ㅇㅇ"
"2018-08-28 11:29:06","http://gall.dcinside.com/board/lists/?id=superidea&page=6","156507","[해갤] 이란전 이승우 원더골 진실 .gif","초급유랑자"
"2018-08-28 11:29:06","http://gall.dcinside.com/board/lists/?id=superidea&page=6","156506","[카연] 남자아이가 눈치없게 끼어든 만화","승기픽스"
"2018-08-28 11:29:06","http://gall.dcinside.com/board/lists/?id=superidea&page=6","156505","[이갤] 어제도 넘나 존잘존섹이였음 ㅋ","어텀."
"2018-08-28 11:29:06","http://gall.dcinside.com/board/lists/?id=superidea&page=6","156504","[걸갤] 180805 도쿄 콘서트 단체, 소원, 예린, 은하 10pics =)","ㅇㅇ"
"2018-08-28 11:29:06","http://gall.dcinside.com/board/lists/?id=superidea&page=6","156503","[시갤] 급식 시린이 기추...기추는 개추죠?","뉴욕대공황"
"2018-08-28 11:29:06","http://gall.dcinside.com/board/lists/?id=superidea&page=6","156502","[소갤] [영상] 진 세이파츠 데이드림 1분 54초 달성","진끠즈⚡"
"2018-08-28 11:29:06","http://gall.dcinside.com/board/lists/?id=superidea&page=6","156501","[문갤] 필사  문구의 전통강호 갓성비 플러스펜","어텀."
"2018-08-28 11:29:06","http://gall.dcinside.com/board/lists/?id=superidea&page=6","156500","[걸갤] 180805 도쿄 콘서트 신비 18pics =)","Ruka"
"2018-08-28 11:29:06","http://gall.dcinside.com/board/lists/?id=superidea&page=6","156499","[멍갤] 다들...군두니 조아해...?","물EI슈"
"2018-08-28 11:29:06","http://gall.dcinside.com/board/lists/?id=superidea&page=6","156498","[문갤] 필사) 백석 외","ㅇㅇ"
"2018-08-28 11:29:06","http://gall.dcinside.com/board/lists/?id=superidea&page=6","156497","[연뮤] ㅎㄱㄱ)오늘 뮤텁 유진, 싱클 호불호후기(스포, 개취, 자세하고 길어)","그리폰"
"2018-08-28 11:29:06","http://gall.dcinside.com/board/lists/?id=superidea&page=6","156496","[카연] ★임진왜란 만화 두얼굴의 선조편★","ㅇㅇ"
"2018-08-28 11:29:06","http://gall.dcinside.com/board/lists/?id=superidea&page=6","156494","[라갤] 그녀의 룰루랄라 씬나는 라이프 (오세화 편)","ㅇㅇ"
"2018-08-28 11:29:06","http://gall.dcinside.com/board/lists/?id=superidea&page=6","156493","[미갤] 빗속에서","호성전자"
"2018-08-28 11:29:06","http://gall.dcinside.com/board/lists/?id=superidea&page=6","156492","[시갤] 파텍역사 최악의 암흑기","짤사발"
"2018-08-28 11:29:06","http://gall.dcinside.com/board/lists/?id=superidea&page=6","156491","[미갤] 애신 산악훈련 촬영지","윤나비"
"2018-08-28 11:29:06","http://gall.dcinside.com/board/lists/?id=superidea&page=6","156490","[냥갤] 후덕함으로는 어디서도 빠지지않는 남자다!!!","천사네육둥이들"
"2018-08-28 11:29:06","http://gall.dcinside.com/board/lists/?id=superidea&page=6","156489","[냥갤] [천사네] 우리집 대장님 자랑글","asdf"
"2018-08-28 11:29:06","http://gall.dcinside.com/board/lists/?id=superidea&page=6","156488","[프갤] 예전 wwe 포스터에 대해서 알아보자","짤사발"
"2018-08-28 11:29:06","http://gall.dcinside.com/board/lists/?id=superidea&page=6","156487","[미갤] 2 14화 잔잔하게 민망한 애기씨 짤모음",""
"2018-08-28 11:29:06","http://gall.dcinside.com/board/lists/?id=superidea&page=7","156486","[미갤] 동매 리벤지 얼른 보고싶다","러블리데이"
"2018-08-28 11:29:06","http://gall.dcinside.com/board/lists/?id=superidea&page=7","156485","[러갤] 180816 전주 지금, 우리 빵떡 움짤 10장","ㅇㅇ"
"2018-08-28 11:29:06","http://gall.dcinside.com/board/lists/?id=superidea&page=7","156484","[강갤] 180824 전신 끌뷰 더모아옴 존멋","효맹이"
"2018-08-28 11:29:06","http://gall.dcinside.com/board/lists/?id=superidea&page=7","156483","[T갤] 케이콘 MC 지효 + 엔옵탐 ㄷㄷㄷㄷㄷㄷㄷㄷㄷ","ㅇㅈㅂㅇㅂㅈ"
"2018-08-28 11:29:06","http://gall.dcinside.com/board/lists/?id=superidea&page=7","156482","[프갤] 일본인 프로레슬링 팬과 나눈 대화","만델브로트"
"2018-08-28 11:29:06","http://gall.dcinside.com/board/lists/?id=superidea&page=7","156481","[기음] 미국애니 사우스파크에 나오는 칠리 콘 카르네를 만들어봤음!","대내상"
"2018-08-28 11:29:06","http://gall.dcinside.com/board/lists/?id=superidea&page=7","156480","[히갤] 저어번에 산 핫토이 가오갤 1 스타로드","ㅇㅇ"
"2018-08-28 11:29:06","http://gall.dcinside.com/board/lists/?id=superidea&page=7","156479","[내갤] 드라마에서 버릴예정인 웹툰 한장면","ㅇㅇ"
"2018-08-28 11:29:06","http://gall.dcinside.com/board/lists/?id=superidea&page=7","156478","[라갤] 구승효 오세화의 사랑과 전쟁","오신"
"2018-08-28 11:29:06","http://gall.dcinside.com/board/lists/?id=superidea&page=7","156477","[해갤] 짱깨 축구 근황 ㄹㅇㅋㅋ.JPG","ㅇㅇ"
"2018-08-28 11:29:06","http://gall.dcinside.com/board/lists/?id=superidea&page=7","156476","[미갤] 동매야 끼니는 거르지 않고 있느냐(ㄷㅇㅌㅈㅇ)","ㅇㅇ"
"2018-08-28 11:29:06","http://gall.dcinside.com/board/lists/?id=superidea&page=7","156475","[미갤] 무슨 얘긴지 아는 얼굴인데 .","퀸메뎁"
"2018-08-28 11:29:06","http://gall.dcinside.com/board/lists/?id=superidea&page=7","156474","[시갤] ROLEX.. 구형 데잇저스트의.. 매력.. JPG","ㅇ"
"2018-08-28 11:29:06","http://gall.dcinside.com/board/lists/?id=superidea&page=7","156473","[프갤] '파워 하우스' 로만 레인즈 모음","Nekokan"
"2018-08-28 11:29:06","http://gall.dcinside.com/board/lists/?id=superidea&page=7","156472","[한갤] 롯데월드 섬머페스트 후기(스압)","ㅇㅇ"
"2018-08-28 11:29:06","http://gall.dcinside.com/board/lists/?id=superidea&page=7","156470","[마갤] 180818 19 4season s/s 솔라 8pic","뽀뇨"
"2018-08-28 11:29:06","http://gall.dcinside.com/board/lists/?id=superidea&page=7","156469","[냥갤] 그러게 좀 평소에 사람처럼 살지 그러셨어양","슈고님"
"2018-08-28 11:29:06","http://gall.dcinside.com/board/lists/?id=superidea&page=7","156468","[기음] 쉽게 만들고 그럴싸한. 아주 맛있는 봉골레 파스타 만드는법.","oooo"
"2018-08-28 11:29:06","http://gall.dcinside.com/board/lists/?id=superidea&page=7","156467","[히갤] 레딧 프론트 페이지간 념글 그림 반응 모음","감좌틔김"
"2018-08-28 11:29:06","http://gall.dcinside.com/board/lists/?id=superidea&page=7","156466","[동기] 눕힌 기니피그 + 찐빵","ㅇㅇ"
"2018-08-28 11:29:06","http://gall.dcinside.com/board/lists/?id=superidea&page=7","156465","[오갤] 180824 GMP 출국 프리뷰 지호, 비니","세젤옃"
"2018-08-28 11:29:06","http://gall.dcinside.com/board/lists/?id=superidea&page=7","156464","[걸갤] 여름여름해 (Sunny Summer) 활동 스케치1.gif","현직여고생"
"2018-08-28 11:29:06","http://gall.dcinside.com/board/lists/?id=superidea&page=7","156463","[문갤] 현직여고생 필체 가져왔습니다.","ㅇㅇ"
"2018-08-28 11:29:06","http://gall.dcinside.com/board/lists/?id=superidea&page=7","156462","[시갤] 형들 독일에서 스트랩 날아왔어","ㅇㅇ"
"2018-08-28 11:29:06","http://gall.dcinside.com/board/lists/?id=superidea&page=7","156461","[방갤] 이런거 올려도 보내주냐","세젤옃"
"2018-08-28 11:29:06","http://gall.dcinside.com/board/lists/?id=superidea&page=7","156460","[걸갤] 여름여름해 (Sunny Summer) 활동 스케치2.gif","IMPACT"
"2018-08-28 11:29:06","http://gall.dcinside.com/board/lists/?id=superidea&page=7","156459","[프갤] [데이터많]임레 멕시칸데스매치 펜타곤jr vs 새미캘러한 gif","초급유랑자"
"2018-08-28 11:29:06","http://gall.dcinside.com/board/lists/?id=superidea&page=7","156458","[카연] 남자아이가 고뇌에 빠진 만화","ㅇㅇ"
"2018-08-28 11:29:06","http://gall.dcinside.com/board/lists/?id=superidea&page=7","156457","[오갤] 180824 GMP 출국 프리뷰 효정","개굴"
"2018-08-28 11:29:06","http://gall.dcinside.com/board/lists/?id=superidea&page=7","156456","[기음] 마포역 코끼리분식 즉석떡볶이를 먹었어요","루차언더그라운."
"2018-08-28 11:29:06","http://gall.dcinside.com/board/lists/?id=superidea&page=7","156455","[프갤] [데이터혐오물주의]루언 펜타곤 다크 vs 케이지 라스트맨스탠딩 gif","망망이"
"2018-08-28 11:29:06","http://gall.dcinside.com/board/lists/?id=superidea&page=7","156454","[멍갤] 우리집 망망이","ㅇㅇ"
"2018-08-28 11:29:06","http://gall.dcinside.com/board/lists/?id=superidea&page=7","156453","[연뮤] 오늘 땡베리 생중계 페이지에 뜬 공연사진","아그거뭐였지그."
"2018-08-28 11:29:06","http://gall.dcinside.com/board/lists/?id=superidea&page=7","156452","[T갤] 180823 ICN 출국 쯔위 4p by.Dimple Smlie","고쟈되기"
"2018-08-28 11:29:06","http://gall.dcinside.com/board/lists/?id=superidea&page=7","156451","[컴갤] 이번에 ssd수입한거 한박스 찌그러짐","천사네육둥이들"
"2018-08-28 11:29:06","http://gall.dcinside.com/board/lists/?id=superidea&page=7","156450","[냥갤] [천사네] 세상에서 엄마가 제일 좋아","ㅇㅇ"
"2018-08-28 11:29:06","http://gall.dcinside.com/board/lists/?id=superidea&page=7","156449","[강갤] 공카 영상 김다니엘 링크 +보정짤","ㅇㅇ"
"2018-08-28 11:29:06","http://gall.dcinside.com/board/lists/?id=superidea&page=7","156448","[시갤] 태그 그세 튜더 다 써본 느낌","MaChip"
"2018-08-28 11:29:06","http://gall.dcinside.com/board/lists/?id=superidea&page=7","156447","[토갤] 알바하면서 만든 아텔리뷰","잿빛비상"
"2018-08-28 11:29:06","http://gall.dcinside.com/board/lists/?id=superidea&page=7","156446","[미갤] 13회바닷가씬 컴배","검은새한마리"
"2018-08-28 11:29:06","http://gall.dcinside.com/board/lists/?id=superidea&page=7","156445","[미갤] 이 장면은 다시봐도 눈빛 미치지 않음??ㅠㅠ","성륜"
"2018-08-28 11:29:06","http://gall.dcinside.com/board/lists/?id=superidea&page=7","156444","[냥갤] 식후의 3호기 4호기","ㅇㅇ"
"2018-08-28 11:29:06","http://gall.dcinside.com/board/lists/?id=superidea&page=7","156443","[오갤] 180824 GMP 출국 프리뷰 미미, 유아","ㅇㅇ"
"2018-08-28 11:29:06","http://gall.dcinside.com/board/lists/?id=superidea&page=7","156442","[라갤] 메이킹 ㅋㅋㅋㅋㅋ","갈로아"
"2018-08-28 11:29:06","http://gall.dcinside.com/board/lists/?id=superidea&page=7","156441","[카연] 만화로 배우는 곤충의 진화 ~균과 곤충~",""
"2018-08-28 11:29:06","http://gall.dcinside.com/board/lists/?id=superidea&page=8","156440","[미갤] 미션 소품탐험(우표)","제리젤리"
"2018-08-28 11:29:06","http://gall.dcinside.com/board/lists/?id=superidea&page=8","156439","[동기] 이번엔 진짜 제대로 자연주의해야지","%20ㅇㅇ"
"2018-08-28 11:29:06","http://gall.dcinside.com/board/lists/?id=superidea&page=8","156438","[미갤] 동매 스틸컷 과질","로각좁"
"2018-08-28 11:29:06","http://gall.dcinside.com/board/lists/?id=superidea&page=8","156437","[기음] 깻잎튀김이랑 순대국끓여봤어","ㅇㅇ"
"2018-08-28 11:29:06","http://gall.dcinside.com/board/lists/?id=superidea&page=8","156436","[국갤] (스압) 할머니와 손녀의 데이트.jpg","싱싱한감"
"2018-08-28 11:29:06","http://gall.dcinside.com/board/lists/?id=superidea&page=8","156435","[멍갤] 태풍이 지나간후 우울한 댕댕이","ㅇㅇ"
"2018-08-28 11:29:06","http://gall.dcinside.com/board/lists/?id=superidea&page=8","156434","[카연] 한심한 백수들 7화.manhwa","온돈사장"
"2018-08-28 11:29:06","http://gall.dcinside.com/board/lists/?id=superidea&page=8","156433","[기음] 업장의 늦은 닭볶음탕","ㅇㄴㅇ"
"2018-08-28 11:29:06","http://gall.dcinside.com/board/lists/?id=superidea&page=8","156432","[동기] 이 나무는 정신없이 뛰어다니며 일생을 보내는","ㅋㅋ"
"2018-08-28 11:29:06","http://gall.dcinside.com/board/lists/?id=superidea&page=8","156431","[캐갤] 초보가 찍은 스냅사진","Rubato♪"
"2018-08-28 11:29:06","http://gall.dcinside.com/board/lists/?id=superidea&page=8","156430","[여갤] 프라하의 봄, 프라하 여행 (2)","ㅇㅇ"
"2018-08-28 11:29:06","http://gall.dcinside.com/board/lists/?id=superidea&page=8","156429","[항갤] 안녕 항붕이들아 S7 3082편후기올림","ㅇㅇ"
"2018-08-28 11:29:06","http://gall.dcinside.com/board/lists/?id=superidea&page=8","156428","[김갤] 180804 용산 팬싸인회 4pic by HONEY CHUNG","금붕롱뇽"
"2018-08-28 11:29:06","http://gall.dcinside.com/board/lists/?id=superidea&page=8","156427","[동기] 앵) 앵무새 카페 갔다옴!!","푸키"
"2018-08-28 11:29:06","http://gall.dcinside.com/board/lists/?id=superidea&page=8","156426","[냥갤] 이사한 푸키 최신 근황 (+쿠키)","ㅇㅇ"
"2018-08-28 11:29:06","http://gall.dcinside.com/board/lists/?id=superidea&page=8","156425","[해갤] ??? : 호오... 흥민군?","슈퍼스타☆김케."
"2018-08-28 11:29:06","http://gall.dcinside.com/board/lists/?id=superidea&page=8","156424","[러갤] 180816 전북도청 러블리즈 #2","후라이모구리"
"2018-08-28 11:29:06","http://gall.dcinside.com/board/lists/?id=superidea&page=8","156423","[T갤] 180823 인천공항 사나 고화질 by 사나의콧냄세","ㅇㅇ"
"2018-08-28 11:29:06","http://gall.dcinside.com/board/lists/?id=superidea&page=8","156422","[미갤] 호다닥 쓱 ","ㅇㅇ"
"2018-08-28 11:29:06","http://gall.dcinside.com/board/lists/?id=superidea&page=8","156421","[과빵] 빵린이 선물용 과자 구웠어요✌","씨발놈"
"2018-08-28 11:29:06","http://gall.dcinside.com/board/lists/?id=superidea&page=8","156420","[기음] 동거충 야붕이의 초계탕 전 주간집밥","ㅇㅇ"
"2018-08-28 11:29:06","http://gall.dcinside.com/board/lists/?id=superidea&page=8","156419","[소갤] 커럽티드레코드 영상에 나온 위치를 알아보자","ㅇㅇ"
"2018-08-28 11:29:06","http://gall.dcinside.com/board/lists/?id=superidea&page=8","156418","[연뮤] ㄱㅅㄱㅁㅇ) 180823 오캐롤 햇델 한근시 몇장","沙狗"
"2018-08-28 11:29:06","http://gall.dcinside.com/board/lists/?id=superidea&page=8","156417","[카연] 이세계에 소환된 용사와 일행의 활약","천사네육둥이들"
"2018-08-28 11:29:06","http://gall.dcinside.com/board/lists/?id=superidea&page=8","156416","[냥갤] [천사네] 엄마가 제일 좋은 육둥이들","ㅇㅇ"
"2018-08-28 11:29:06","http://gall.dcinside.com/board/lists/?id=superidea&page=8","156415","[라갤] 아 딱딱해  _  (구씨네 부자와 어머니)","간장이와설탕이."
"2018-08-28 11:29:06","http://gall.dcinside.com/board/lists/?id=superidea&page=8","156414","[냥갤] 단짠이들 먹고 놀고 냥팔자가 상팔자","아하모마"
"2018-08-28 11:29:06","http://gall.dcinside.com/board/lists/?id=superidea&page=8","156413","[기음] 삼겹살, 목살","잡만미픽롤트"
"2018-08-28 11:29:06","http://gall.dcinside.com/board/lists/?id=superidea&page=8","156412","[국갤] [공포/기괴] 현재 논란중인 폐가 사진 .JPG","ㅇㅇ"
"2018-08-28 11:29:06","http://gall.dcinside.com/board/lists/?id=superidea&page=8","156411","[해갤] 국뽕 잔뜩 흡입한 베트남 축구 만화...JPG","ㅇㅇ"
"2018-08-28 11:29:06","http://gall.dcinside.com/board/lists/?id=superidea&page=8","156410","[미갤] 유진초이의 글로리빈관 CF","WTSG웃상"
"2018-08-28 11:29:06","http://gall.dcinside.com/board/lists/?id=superidea&page=8","156409","[카연] 히오스 만화 두 편.","ㅇㅇ"
"2018-08-28 11:29:06","http://gall.dcinside.com/board/lists/?id=superidea&page=8","156408","[마갤] 180818~19 4season s/s 문별 개인무대 13pic","oo"
"2018-08-28 11:29:06","http://gall.dcinside.com/board/lists/?id=superidea&page=8","156407","[오갤] 옴스타","후라이모구리"
"2018-08-28 11:29:06","http://gall.dcinside.com/board/lists/?id=superidea&page=8","156406","[T갤] 180820 아육대 정사미쯔 고화질 by 마쉬멜로우","노모;"
"2018-08-28 11:29:06","http://gall.dcinside.com/board/lists/?id=superidea&page=8","156405","[시갤] 튜더 블랙베이 다이버 변천사 정리해봄","ㅇㅇ"
"2018-08-28 11:29:06","http://gall.dcinside.com/board/lists/?id=superidea&page=8","156404","[미갤] 구동매 ㅇㅇ짤","ㅇㅇ"
"2018-08-28 11:29:06","http://gall.dcinside.com/board/lists/?id=superidea&page=8","156403","[미갤] 상덕후 동매짤","ㅇㅇ"
"2018-08-28 11:29:06","http://gall.dcinside.com/board/lists/?id=superidea&page=8","156402","[토갤] 블래키 다각도 샷","미야자키미호에."
"2018-08-28 11:29:06","http://gall.dcinside.com/board/lists/?id=superidea&page=8","156401","[토갤] 건담 주역기","밝지효"
"2018-08-28 11:29:06","http://gall.dcinside.com/board/lists/?id=superidea&page=8","156400","[T갤] ViVi 움짤 9p","ㅇㅇ"
"2018-08-28 11:29:06","http://gall.dcinside.com/board/lists/?id=superidea&page=8","156399","[주갤] 트위스티드 만자니타 스토리","명란크림파스타"
"2018-08-28 11:29:06","http://gall.dcinside.com/board/lists/?id=superidea&page=8","156398","[기음] 2박 3일 부산 다녀왔습니다","짤사발"
"2018-08-28 11:29:06","http://gall.dcinside.com/board/lists/?id=superidea&page=8","156397","[미갤] 13화 바다가기전 유진 애신 쉬던 강변? 촬영지","무선혜드셋"
"2018-08-28 11:29:06","http://gall.dcinside.com/board/lists/?id=superidea&page=8","156396","[카연] 악마쨩의 유치원생활.manhwa",""
"2018-08-28 11:29:07","http://gall.dcinside.com/board/lists/?id=superidea&page=9","156395","[이갤] 피아노 치는","박하피"
"2018-08-28 11:29:07","http://gall.dcinside.com/board/lists/?id=superidea&page=9","156394","[냥갤] 오랜만에 마노 하품짤 하나 건진 것 같은 기분","도토리나무"
"2018-08-28 11:29:07","http://gall.dcinside.com/board/lists/?id=superidea&page=9","156393","[동기] 하 집사새끼 하라는 청소는 안하고 또 사진이나 찍고있네....jpg","앜시로"
"2018-08-28 11:29:07","http://gall.dcinside.com/board/lists/?id=superidea&page=9","156392","[냥갤] 장난꾸러기 조뚠뚠 스페셜(+댕댕)","301호새댁"
"2018-08-28 11:29:07","http://gall.dcinside.com/board/lists/?id=superidea&page=9","156391","[기음] 축구보면서 광어연어회, 피자만두","ㅇㅇ"
"2018-08-28 11:29:07","http://gall.dcinside.com/board/lists/?id=superidea&page=9","156390","[라갤] 9, 10화 분석 및 다음 주 내용 미리보기에 이어서..","개굴"
"2018-08-28 11:29:07","http://gall.dcinside.com/board/lists/?id=superidea&page=9","156389","[기음] 오늘 잘 먹은 하루 보고드려요","ㅇㅇ"
"2018-08-28 11:29:07","http://gall.dcinside.com/board/lists/?id=superidea&page=9","156388","[마갤] 2018.08.18 4season s/s 문별 4pic","밤고래."
"2018-08-28 11:29:07","http://gall.dcinside.com/board/lists/?id=superidea&page=9","156387","[멍갤] 저희집 개새끼 사진 더 올려봄","서향"
"2018-08-28 11:29:07","http://gall.dcinside.com/board/lists/?id=superidea&page=9","156386","[오갤] 180818 경희대 드럼엑스 미미 4p by First Meet","뚜찌찌"
"2018-08-28 11:29:07","http://gall.dcinside.com/board/lists/?id=superidea&page=9","156385","[동기] 안녕하세요 냥갤에서 왓숨니다","ㅇㅇ"
"2018-08-28 11:29:07","http://gall.dcinside.com/board/lists/?id=superidea&page=9","156384","[해갤] 대한민국 vs 이란 미리보기.JPG","ㅇㅇ"
"2018-08-28 11:29:07","http://gall.dcinside.com/board/lists/?id=superidea&page=9","156383","[미갤] 13화 최애 캡쳐 몇 장","ㅇㅇ"
"2018-08-28 11:29:07","http://gall.dcinside.com/board/lists/?id=superidea&page=9","156382","[소갤] 커럽티드 레코드 3d부분 움짤모음.gif","초코망치야옹"
"2018-08-28 11:29:07","http://gall.dcinside.com/board/lists/?id=superidea&page=9","156381","[냥갤] 어제 2달만에 고양이 잡았다ㅜㅜ","ㅇㅇ"
"2018-08-28 11:29:07","http://gall.dcinside.com/board/lists/?id=superidea&page=9","156380","[강갤] 180821 스마일콘갤주 과질 주섬주섬","빼꼼순애"
"2018-08-28 11:29:07","http://gall.dcinside.com/board/lists/?id=superidea&page=9","156378","[냥갤] 순애 짱 신나","갸오오ㅗ"
"2018-08-28 11:29:07","http://gall.dcinside.com/board/lists/?id=superidea&page=9","156377","[기음] 갸오오의 맛집빵빵!!!!!!!!!!!!!!!!!!!!!!!!!!","ㅇㅇ"
"2018-08-28 11:29:07","http://gall.dcinside.com/board/lists/?id=superidea&page=9","156376","[동기] (앵) 써커스 쑈쑈쑈","兵長真姫"
"2018-08-28 11:29:07","http://gall.dcinside.com/board/lists/?id=superidea&page=9","156375","[시갤] 기추했습니다.","Demiour."
"2018-08-28 11:29:07","http://gall.dcinside.com/board/lists/?id=superidea&page=9","156374","[동기] 오늘의 함이","ㅇㅇ"
"2018-08-28 11:29:07","http://gall.dcinside.com/board/lists/?id=superidea&page=9","156373","[T갤] 피곤해하는 정연이를 걱정하는 사나....gif","패액트"
"2018-08-28 11:29:07","http://gall.dcinside.com/board/lists/?id=superidea&page=9","156372","[해갤] 2020년 어느날............jpg","도시남자™"
"2018-08-28 11:29:07","http://gall.dcinside.com/board/lists/?id=superidea&page=9","156371","[시갤] 와치푸어 득템신고합니다.","ㅇㅇ"
"2018-08-28 11:29:07","http://gall.dcinside.com/board/lists/?id=superidea&page=9","156370","[국갤] SNS 난리.. 혼혈 딸 ..jpg","ㅇㅇ"
"2018-08-28 11:29:07","http://gall.dcinside.com/board/lists/?id=superidea&page=9","156369","[오갤] 160828 페럼홀 팬싸 유아 4p by VoL","블나방"
"2018-08-28 11:29:07","http://gall.dcinside.com/board/lists/?id=superidea&page=9","156368","[블갤] 180816 후쿠오카 콘서트 로제 고화질 by 퍼스트러브","짤사발"
"2018-08-28 11:29:07","http://gall.dcinside.com/board/lists/?id=superidea&page=9","156367","[미갤] 13화 후폭풍을 모르고 애신 놀리는 유진(feat.컴히얼)","서향"
"2018-08-28 11:29:07","http://gall.dcinside.com/board/lists/?id=superidea&page=9","156366","[오갤] 180407 불스레이스 아린 4p by 아린잎새","ㅇㅇ"
"2018-08-28 11:29:07","http://gall.dcinside.com/board/lists/?id=superidea&page=9","156365","[강갤] 180821 분위기 존멋 과질","햄솜이"
"2018-08-28 11:29:07","http://gall.dcinside.com/board/lists/?id=superidea&page=9","156364","[동기] 물 핥아먹는 햄스터","ㅇㅇ"
"2018-08-28 11:29:07","http://gall.dcinside.com/board/lists/?id=superidea&page=9","156363","[연뮤] ㅃ브웨 연뮤 책방에 왔어! (스압주의,지뢰주의)","ㅇㅇ"
"2018-08-28 11:29:07","http://gall.dcinside.com/board/lists/?id=superidea&page=9","156362","[라갤] 기계 들어와서 좋아하는 오세화.gif","랜스암"
"2018-08-28 11:29:07","http://gall.dcinside.com/board/lists/?id=superidea&page=9","156361","[기음] 자취요리. '매운양념 등갈비 구이 feat. 볶음밥'","광주동팔이"
"2018-08-28 11:29:07","http://gall.dcinside.com/board/lists/?id=superidea&page=9","156360","[컴갤] 손님 캼퓨터 총체적 난국","ㅇㅇ"
"2018-08-28 11:29:07","http://gall.dcinside.com/board/lists/?id=superidea&page=9","156359","[내갤] 도경석 강미래","ㅇㅇ"
"2018-08-28 11:29:07","http://gall.dcinside.com/board/lists/?id=superidea&page=9","156358","[두갤] ???: 선수들은 김재환선수를 보고 박탈감을 느낀다","O0ㅇ"
"2018-08-28 11:29:07","http://gall.dcinside.com/board/lists/?id=superidea&page=9","156357","[동기] 힛갤 간 기념으로","프로에스"
"2018-08-28 11:29:07","http://gall.dcinside.com/board/lists/?id=superidea&page=9","156356","[미갤] 최유진과 고사홍의 만남","으른이"
"2018-08-28 11:29:07","http://gall.dcinside.com/board/lists/?id=superidea&page=9","156355","[냥갤] 박하맘이애요..첫글이 념글가서 신났서오..","GV200"
"2018-08-28 11:29:07","http://gall.dcinside.com/board/lists/?id=superidea&page=9","156354","[컴갤] 엔비디아 RTX DLSS에 대해서 알아보자","니니의옷장"
"2018-08-28 11:29:07","http://gall.dcinside.com/board/lists/?id=superidea&page=9","156353","[멍갤] 냠냠을 기다리는 우리 강아지","lian"
"2018-08-28 11:29:07","http://gall.dcinside.com/board/lists/?id=superidea&page=9","156352","[기음] [스압]흙수저가 샐러드 만들어봄","키커"
"2018-08-28 11:29:07","http://gall.dcinside.com/board/lists/?id=superidea&page=9","156351","[카연] 일찍 자야하는 이유","ㅇㅇ"
"2018-08-28 11:29:07","http://gall.dcinside.com/board/lists/?id=superidea&page=9","156350","[동기] 안녕 나는 친칠라 두마리를 키워",""
"2018-08-28 11:29:07","http://gall.dcinside.com/board/lists/?id=superidea&page=10","156349","[동기] 건조당근을 먹는 뚱땡이입니다","팔팔이"
"2018-08-28 11:29:07","http://gall.dcinside.com/board/lists/?id=superidea&page=10","156348","[등갤] 산 금정산 동문방향 시원한 구름들","으앙기모찌"
"2018-08-28 11:29:07","http://gall.dcinside.com/board/lists/?id=superidea&page=10","156347","[바갤] 태풍 전 평일 솔바리 무사복귀","LinGag_."
"2018-08-28 11:29:07","http://gall.dcinside.com/board/lists/?id=superidea&page=10","156346","[걸갤] 부산갤러의 예자매생일기념 광고+세운상가+여름비 성지순례","윤색"
"2018-08-28 11:29:07","http://gall.dcinside.com/board/lists/?id=superidea&page=10","156345","[아갤] 새벽갬성에 쓰는 10주년 전시회 갤러리 후기..","메가타로"
"2018-08-28 11:29:07","http://gall.dcinside.com/board/lists/?id=superidea&page=10","156344","[마갤] 데이지 벨 인형 제작기","리얼좋아"
"2018-08-28 11:29:07","http://gall.dcinside.com/board/lists/?id=superidea&page=10","156343","[아갤] 아이유 갤러리 현장 스탭 리얼한 후기","나로부터행복하."
"2018-08-28 11:29:07","http://gall.dcinside.com/board/lists/?id=superidea&page=10","156342","[냥갤] 잘 끝났습니다. 모두 고맙습니다.","ㄱㄷㅁ"
"2018-08-28 11:29:07","http://gall.dcinside.com/board/lists/?id=superidea&page=10","156341","[미갤] 1일1회 구애 복습하다 느낀거..3 (짤융단폭격)","꼴쥐✘"
"2018-08-28 11:29:07","http://gall.dcinside.com/board/lists/?id=superidea&page=10","156340","[국갤] '그 구단'만 바라는 개빠따 금메달....jpg","ㅇㅇ"
"2018-08-28 11:29:07","http://gall.dcinside.com/board/lists/?id=superidea&page=10","156339","[라갤] 9, 10화 분석 및 다음 주 내용 미리보기","코갤리언"
"2018-08-28 11:29:07","http://gall.dcinside.com/board/lists/?id=superidea&page=10","156338","[국갤] 김성모...극사실주의 고증 정리...jpg","집사판다"
"2018-08-28 11:29:07","http://gall.dcinside.com/board/lists/?id=superidea&page=10","156337","[기음] 실시간 야식  통베이컨과 알료올료","맫니스"
"2018-08-28 11:29:07","http://gall.dcinside.com/board/lists/?id=superidea&page=10","156336","[컴갤] cpu쿨러 바꾸다 cpu휘어먹었다","ㅇㅇ"
"2018-08-28 11:29:07","http://gall.dcinside.com/board/lists/?id=superidea&page=10","156335","[방갤] 아이돌 궁예 근거 제시함","써커펀치"
"2018-08-28 11:29:07","http://gall.dcinside.com/board/lists/?id=superidea&page=10","156334","[문갤] 필사. 참 좋다. 양희은.","폴리덴트"
"2018-08-28 11:29:07","http://gall.dcinside.com/board/lists/?id=superidea&page=10","156333","[냥갤] 뿅이는 많이 길어졌워요","ㅇㅇ"
"2018-08-28 11:29:07","http://gall.dcinside.com/board/lists/?id=superidea&page=10","156332","[라갤] 허풍 쩌는 예선우ㅋㅋㅋㅋㅋ.jpg","ㅇㅇ"
"2018-08-28 11:29:07","http://gall.dcinside.com/board/lists/?id=superidea&page=10","156331","[두갤] 남자펜싱 얘도 난리더라","ㅇㅇ"
"2018-08-28 11:29:07","http://gall.dcinside.com/board/lists/?id=superidea&page=10","156330","[T갤] 180820 아육대 트와이스 10p by.시간은금","앗힝"
"2018-08-28 11:29:07","http://gall.dcinside.com/board/lists/?id=superidea&page=10","156329","[내갤] E08.경석X미래 영화관씬.gif","ㅇㅇ"
"2018-08-28 11:29:07","http://gall.dcinside.com/board/lists/?id=superidea&page=10","156328","[한갤] ☆ 2019 한화이글스 불꽃타선 (칰시환 추가) gif","Edutilo."
"2018-08-28 11:29:07","http://gall.dcinside.com/board/lists/?id=superidea&page=10","156327","[토갤] SDCS GM 만들었어 .Bogoga","ㅇㅇ"
"2018-08-28 11:29:07","http://gall.dcinside.com/board/lists/?id=superidea&page=10","156326","[미갤] 수정)할게 없어서 우리 들마 배경 장소에 대해 써봄 개뻘짓주의","다정한흑형"
"2018-08-28 11:29:07","http://gall.dcinside.com/board/lists/?id=superidea&page=10","156325","[동기] 직업상 자주 접하는 파충류들좀 소개할게","dd"
"2018-08-28 11:29:07","http://gall.dcinside.com/board/lists/?id=superidea&page=10","156324","[컴갤] 문과도 이해하는.....신형 그래픽카드 2080TI........JPG","ㅇㅇ"
"2018-08-28 11:29:07","http://gall.dcinside.com/board/lists/?id=superidea&page=10","156323","[강갤] 180821 존잘존멋존섹존까리 다하는 과질","ㅇㅅ"
"2018-08-28 11:29:07","http://gall.dcinside.com/board/lists/?id=superidea&page=10","156322","[미갤] [팬아트] 동매×애신","완전간지"
"2018-08-28 11:29:07","http://gall.dcinside.com/board/lists/?id=superidea&page=10","156321","[T갤] VIVI 10월호 스캔본","abc"
"2018-08-28 11:29:07","http://gall.dcinside.com/board/lists/?id=superidea&page=10","156320","[프갤] [데이터] 하야시시타 우타미.gif","CHANGMo"
"2018-08-28 11:29:07","http://gall.dcinside.com/board/lists/?id=superidea&page=10","156319","[기음] 안먹는 애물단지 뒷다리살 후다닥 해치웟다","효니베어스"
"2018-08-28 11:29:07","http://gall.dcinside.com/board/lists/?id=superidea&page=10","156318","[국갤] 오버워치..새맵.....부산......jpg","ㅇㅇ"
"2018-08-28 11:29:07","http://gall.dcinside.com/board/lists/?id=superidea&page=10","156317","[두갤] 스위스 곰의도시 베른 사진 공유한다","아하모마"
"2018-08-28 11:29:07","http://gall.dcinside.com/board/lists/?id=superidea&page=10","156316","[기음] 결정했어!!!","ㅇㅇ"
"2018-08-28 11:29:07","http://gall.dcinside.com/board/lists/?id=superidea&page=10","156315","[프갤] 나카무라 ""커리어가 끝장났다고 생각했는데 시나가 나를 보호해줬다.""","ㅇㅇ"
"2018-08-28 11:29:07","http://gall.dcinside.com/board/lists/?id=superidea&page=10","156314","[동기] (긴 글 주의) 동기갤 햄스터호더의 최후","ㅇㅇ"
"2018-08-28 11:29:07","http://gall.dcinside.com/board/lists/?id=superidea&page=10","156313","[마갤] 180818 19 4season s/s 문별 개인무대 7pic","ㅇㅇ"
"2018-08-28 11:29:07","http://gall.dcinside.com/board/lists/?id=superidea&page=10","156312","[연뮤] 알앤제이 붉은 천 대배우님","ㅇㅇ"
"2018-08-28 11:29:07","http://gall.dcinside.com/board/lists/?id=superidea&page=10","156311","[마갤] 180818~19 4season s/s 문별 18pic","ㅇㅇ"
"2018-08-28 11:29:07","http://gall.dcinside.com/board/lists/?id=superidea&page=10","156310","[라갤] e09 오세화 과장님.gif","짱아"
"2018-08-28 11:29:07","http://gall.dcinside.com/board/lists/?id=superidea&page=10","156309","[동기] 애 왜이러냐 ㅋㅋㅋㅋㅋㅋ","광수네"
"2018-08-28 11:29:07","http://gall.dcinside.com/board/lists/?id=superidea&page=10","156308","[냥갤] 굿나잇","갤로그정지당한."
"2018-08-28 11:29:07","http://gall.dcinside.com/board/lists/?id=superidea&page=10","156307","[카연] 찐따가 군대가는만화 21","케이다이노스"
"2018-08-28 11:29:07","http://gall.dcinside.com/board/lists/?id=superidea&page=10","156306","[국갤] 야갤대축제 아시안게임 일정과 명단 .jpg","스텔라와영감님"
"2018-08-28 11:29:07","http://gall.dcinside.com/board/lists/?id=superidea&page=10","156305","[소갤] [스압/정보] 초행들이 봐야하는 알터 오브 보이드(보냑)의 정석",""
"2018-08-28 11:29:07","http://gall.dcinside.com/board/lists/?id=superidea&page=11","156304","[국갤] LA 자유의 여신상 성지순례.JPG","슭이"
"2018-08-28 11:29:07","http://gall.dcinside.com/board/lists/?id=superidea&page=11","156303","[오갤] 일본 P.H 인터뷰 밈샤씅죠 셀카","프레데릭"
"2018-08-28 11:29:07","http://gall.dcinside.com/board/lists/?id=superidea&page=11","156302","[시갤] (눈갱주의) 최근 마음이 가는, 기추하고싶은 시계들","ㅇㅇ"
"2018-08-28 11:29:07","http://gall.dcinside.com/board/lists/?id=superidea&page=11","156301","[강갤] 갸아악 키싱하트 룩북 매장에 풀림 사진 둥?","꼴데빵야✨"
"2018-08-28 11:29:07","http://gall.dcinside.com/board/lists/?id=superidea&page=11","156300","[국갤] 여자 펜싱 ..  주역 .. 지연누나 .. 일상모습 ..JPG","치엘로"
"2018-08-28 11:29:07","http://gall.dcinside.com/board/lists/?id=superidea&page=11","156299","[냥갤] 야짤툰) 청소기를 대하는 고양이들의 자세","ㅇㅇ"
"2018-08-28 11:29:07","http://gall.dcinside.com/board/lists/?id=superidea&page=11","156298","[강갤] 옴뇸뇸","ㅇㅇ"
"2018-08-28 11:29:07","http://gall.dcinside.com/board/lists/?id=superidea&page=11","156297","[이갤] 리더스 지면 촬영사진","자취충"
"2018-08-28 11:29:07","http://gall.dcinside.com/board/lists/?id=superidea&page=11","156296","[R갤] 주방 타일 DYI 리모델링... 6시간에 걸친 대장정.., 후기+결말","해후"
"2018-08-28 11:29:07","http://gall.dcinside.com/board/lists/?id=superidea&page=11","156295","[캐갤] 의미 없는 b컷","심프라켓v"
"2018-08-28 11:29:07","http://gall.dcinside.com/board/lists/?id=superidea&page=11","156294","[캐갤] (데이터주의)후쿠오카 사진","LeonArd."
"2018-08-28 11:29:07","http://gall.dcinside.com/board/lists/?id=superidea&page=11","156293","[토갤] 네??? 건이지요?","205라이브"
"2018-08-28 11:29:07","http://gall.dcinside.com/board/lists/?id=superidea&page=11","156292","[프갤] [데이터폭탄]205 머피니스 vs 루차하우스파티 gif","승기픽스"
"2018-08-28 11:29:07","http://gall.dcinside.com/board/lists/?id=superidea&page=11","156291","[이갤] 환하게","초급유랑자"
"2018-08-28 11:29:07","http://gall.dcinside.com/board/lists/?id=superidea&page=11","156290","[카연] 학급회의 시간에 알콩달콩하는 만화","오뚱토리"
"2018-08-28 11:29:07","http://gall.dcinside.com/board/lists/?id=superidea&page=11","156289","[냥갤] 호불호가 확실한 뚱토리","챙카소"
"2018-08-28 11:29:07","http://gall.dcinside.com/board/lists/?id=superidea&page=11","156288","[T갤] 고독한 정연방 진짜 정연등장 사진,채팅 모음","ㅇㅇ"
"2018-08-28 11:29:07","http://gall.dcinside.com/board/lists/?id=superidea&page=11","156287","[해갤] 주관적인 감독 외모 평가.txt","트와이스뮤비"
"2018-08-28 11:29:07","http://gall.dcinside.com/board/lists/?id=superidea&page=11","156286","[T갤] 8월 22일 8시 유튜브 조회수","날개"
"2018-08-28 11:29:07","http://gall.dcinside.com/board/lists/?id=superidea&page=11","156285","[미갤] 13화 최애 바닷가 데이트 대사짤 + 양봉업자 최가 움짤","로각좁"
"2018-08-28 11:29:07","http://gall.dcinside.com/board/lists/?id=superidea&page=11","156284","[기음] 얘도라 김밥싸다망한거보고가^^","영순"
"2018-08-28 11:29:07","http://gall.dcinside.com/board/lists/?id=superidea&page=11","156283","[블갤] 일콘 블핑가방 후기","Neda10"
"2018-08-28 11:29:07","http://gall.dcinside.com/board/lists/?id=superidea&page=11","156282","[카연] 이 성인만화를 완결 내면 난 죽을 것이다","ㅇㅇ"
"2018-08-28 11:29:07","http://gall.dcinside.com/board/lists/?id=superidea&page=11","156281","[강갤] 180821 스마일콘 다녀왔어","ㅇㅇ"
"2018-08-28 11:29:07","http://gall.dcinside.com/board/lists/?id=superidea&page=11","156280","[연뮤] ㄱㅅㄱㅁㅇ) 최후 규릴과 윱윌 사진 다듬어 봤어","협"
"2018-08-28 11:29:07","http://gall.dcinside.com/board/lists/?id=superidea&page=11","156279","[동기] 다이소 정리함으로 화장실 만듬","할매와꼬부기"
"2018-08-28 11:29:07","http://gall.dcinside.com/board/lists/?id=superidea&page=11","156278","[동기] 페릿)늙은해리포터","착하게살아라"
"2018-08-28 11:29:07","http://gall.dcinside.com/board/lists/?id=superidea&page=11","156277","[기음] [또 씀] 그린델발트에서 먹은 스위스 전통식이여유","드덕의나날"
"2018-08-28 11:29:07","http://gall.dcinside.com/board/lists/?id=superidea&page=11","156276","[내갤] 메이킹 ㅋㅋㅋㅋ 도래 장난치는 거 세상 귀여움","ㅇㅇ"
"2018-08-28 11:29:07","http://gall.dcinside.com/board/lists/?id=superidea&page=11","156275","[방갤] 초록창 프로끨도 업뎃","착하게살아라"
"2018-08-28 11:29:07","http://gall.dcinside.com/board/lists/?id=superidea&page=11","156274","[기음] [각잡고 씀] 경기도 오산 맛집을 올려봅니다1","도S헨타이"
"2018-08-28 11:29:07","http://gall.dcinside.com/board/lists/?id=superidea&page=11","156273","[카연] 4학년 7반 예체능계 15~17","ㅇㅇ"
"2018-08-28 11:29:07","http://gall.dcinside.com/board/lists/?id=superidea&page=11","156272","[해갤] 오프사이드로 비교하는 메시와 호날두 축구지능.gif","ㅇㅇ"
"2018-08-28 11:29:07","http://gall.dcinside.com/board/lists/?id=superidea&page=11","156271","[미갤] 14화 캡쳐 몇 장 (유진 중심)","ㅇㅇ"
"2018-08-28 11:29:07","http://gall.dcinside.com/board/lists/?id=superidea&page=11","156270","[히갤] 캡틴마블 후보들.jpg","물EI슈"
"2018-08-28 11:29:07","http://gall.dcinside.com/board/lists/?id=superidea&page=11","156269","[문갤] 필사 / 잉크의 실번짐에 대하여","두순"
"2018-08-28 11:29:07","http://gall.dcinside.com/board/lists/?id=superidea&page=11","156268","[멍갤] 얘는 동생이 산에서 몇만원주고 데꼬온 멍임","할매와꼬부기"
"2018-08-28 11:29:07","http://gall.dcinside.com/board/lists/?id=superidea&page=11","156267","[동기] 개새볼래? 개새ㄲ","승기픽스"
"2018-08-28 11:29:07","http://gall.dcinside.com/board/lists/?id=superidea&page=11","156266","[이갤] 어둠이 무서워요","ㅁㅇㅁ"
"2018-08-28 11:29:07","http://gall.dcinside.com/board/lists/?id=superidea&page=11","156265","[냥갤] 고양이 확대범","죠오스"
"2018-08-28 11:29:07","http://gall.dcinside.com/board/lists/?id=superidea&page=11","156264","[냥갤] 죠스는 배 만짐당하는 것을 좋아해","ㅇㅇ"
"2018-08-28 11:29:07","http://gall.dcinside.com/board/lists/?id=superidea&page=11","156263","[국갤] 김성모식 고교야구","모모링의하루"
"2018-08-28 11:29:07","http://gall.dcinside.com/board/lists/?id=superidea&page=11","156262","[T갤] 정여니가올린짤","에브라다"
"2018-08-28 11:29:07","http://gall.dcinside.com/board/lists/?id=superidea&page=11","156261","[기음] (집에 고기 떨어진 기념) 단백질 공급원, 찌개같은 두부조림,","박보검"
"2018-08-28 11:29:07","http://gall.dcinside.com/board/lists/?id=superidea&page=11","156260","[국갤] 요즘 핫하다는 강아지... 인절미 모음 ㄹㅇ...jyp",""
"2018-08-28 11:29:07","http://gall.dcinside.com/board/lists/?id=superidea&page=12","156259","[내갤] 예고 이제서야 봤는데 ㅋㅋ 도경석 작정하고 꼬시네","캔디젤리러브♪"
"2018-08-28 11:29:07","http://gall.dcinside.com/board/lists/?id=superidea&page=12","156258","[러갤] 180816 지수","쑹콩출"
"2018-08-28 11:29:07","http://gall.dcinside.com/board/lists/?id=superidea&page=12","156257","[냥갤] 다들 조심해라 울 냥이 팔걷었다 ㄷㄷㄷ","KuHalem"
"2018-08-28 11:29:07","http://gall.dcinside.com/board/lists/?id=superidea&page=12","156256","[시갤] 기추) 몬데인 시계 샀어","읭읭이"
"2018-08-28 11:29:07","http://gall.dcinside.com/board/lists/?id=superidea&page=12","156255","[캐갤] 저번주 은하수/일출들...","한정된목적"
"2018-08-28 11:29:07","http://gall.dcinside.com/board/lists/?id=superidea&page=12","156254","[등갤] 8/18 중청대피소 #2","Vladimi."
"2018-08-28 11:29:07","http://gall.dcinside.com/board/lists/?id=superidea&page=12","156253","[자갤] 배트맨 다크나이트 촬영지 직접 찾아갔다 온 자랑","센티넬"
"2018-08-28 11:29:07","http://gall.dcinside.com/board/lists/?id=superidea&page=12","156252","[몬갤] 몬린이 일본 몬헌바 다녀옴","칙칙"
"2018-08-28 11:29:07","http://gall.dcinside.com/board/lists/?id=superidea&page=12","156251","[리갤] 늦은 동해안 국토종주 1일차 결산","우디제독"
"2018-08-28 11:29:07","http://gall.dcinside.com/board/lists/?id=superidea&page=12","156250","[캐갤] 울집 껄룩이 순간 포착 사진의 유용함은 이런것","꼴데종신번즈"
"2018-08-28 11:29:07","http://gall.dcinside.com/board/lists/?id=superidea&page=12","156249","[롯갤] 레고 꼴데","̣우치하"
"2018-08-28 11:29:07","http://gall.dcinside.com/board/lists/?id=superidea&page=12","156248","[컴갤] [충격] 양배추가 만들어지는 과정","ㅇㅇ"
"2018-08-28 11:29:07","http://gall.dcinside.com/board/lists/?id=superidea&page=12","156247","[두갤] 코영하쉑ㅋㅋㅋㅋㅋㅋㅋㅋ","ㅇㅇ"
"2018-08-28 11:29:07","http://gall.dcinside.com/board/lists/?id=superidea&page=12","156246","[미갤] 카리스마진 (f.해드리오 뒤통수)","펠라이니"
"2018-08-28 11:29:07","http://gall.dcinside.com/board/lists/?id=superidea&page=12","156245","[기음] 한국인은 떡뽂이를 아침으로 먹습니다.JPG","치엘로"
"2018-08-28 11:29:07","http://gall.dcinside.com/board/lists/?id=superidea&page=12","156244","[냥갤] 혹시나 궁금해 할 사람들이 있을까 싶어 올리는 근황1","매그니토"
"2018-08-28 11:29:07","http://gall.dcinside.com/board/lists/?id=superidea&page=12","156243","[히갤] 퍼니셔 시즌2 촬영 현장 사진 jpg","큐티큐티"
"2018-08-28 11:29:07","http://gall.dcinside.com/board/lists/?id=superidea&page=12","156242","[멍갤] 울집 멍멍이 사진 올린다 ㅎ","ㅇㅂㅇ"
"2018-08-28 11:29:07","http://gall.dcinside.com/board/lists/?id=superidea&page=12","156241","[러갤] 전주 행사 미주 지금우리 움짤 9장","염둥이"
"2018-08-28 11:29:07","http://gall.dcinside.com/board/lists/?id=superidea&page=12","156240","[마갤] ㅋㅋㅋㅋㅋㅋㅋㅋㅋㅋ","ㅇㅇ"
"2018-08-28 11:29:07","http://gall.dcinside.com/board/lists/?id=superidea&page=12","156239","[T갤] 180820 아육대 막내즈 4p by.시간은금","ㅇㅇ"
"2018-08-28 11:29:07","http://gall.dcinside.com/board/lists/?id=superidea&page=12","156238","[이갤] 블랙야크 움짤","허밋9"
"2018-08-28 11:29:07","http://gall.dcinside.com/board/lists/?id=superidea&page=12","156237","[컴갤] RTX에 대한 정리 들어간다.","개나리꽃"
"2018-08-28 11:29:07","http://gall.dcinside.com/board/lists/?id=superidea&page=12","156236","[토갤] 1/35 프로비던스 완성했습니다~","쎾쓰롤린스"
"2018-08-28 11:29:07","http://gall.dcinside.com/board/lists/?id=superidea&p